,freq,itm_newa,indic_ag,unit,geo\TIME_PERIOD,1973,1974,1975,1976,1977,1978,1979,1980,1981,1982,1983,1984,1985,1986,1987,1988,1989,1990,1991,1992,1993,1994,1995,1996,1997,1998,1999,2000,2001,2002,2003,2004,2005,2006,2007,2008,2009,2010,2011,2012,2013,2014,2015,2016,2017,2018,2019,2020,2021
52588,A,20000,PROD_BP,MIO_EUR,AT,,,,,,,,,,,,,,,,,,3215.11,3267.67,3063.35,3114.03,3344.65,2908.28,2713.47,2508.34,2424.05,2411.26,2506.31,2689.66,2509.51,2481.69,2607.82,2211.38,2395.22,2783.26,2769.23,2250.27,2572.65,3017.34,2981.66,2754.18,2728.85,2705.44,2859.12,3221.72,3114.61,3050.94,3122.27,3622.44
52589,A,20000,PROD_BP,MIO_EUR,BE,,,,,,,,1811.27,1982.31,2059.95,2220.82,2284.81,2283.05,2382.7,2282.08,2367.42,2901.36,2799.36,2827.89,2842.75,2870.82,2984.41,2651.41,2724.89,2806.83,2690.52,2522.37,2792.16,2656.07,2415.08,2488.33,2643.96,2257.32,2587.69,2649.19,2162.45,2052.26,2600.56,2221.49,2825.4,2408.47,2244.58,2485.08,2238.38,2471.83,2225.64,2627.23,2472.33,2570.95
52590,A,20000,PROD_BP,MIO_EUR,BG,,,,,,,,,,,,,,,,,,,,,,,1427164.45,1005666.44,2039726.42,1801830.29,1678.54,1637.89,1803.32,1605.06,1532.24,1588.75,1544.26,1478.75,1227.16,1885.72,1296.07,1355.65,1632.5,1662.26,1694.36,1731.65,1620.73,1675.58,1792.38,1732.5,1767.81,1748.41,2640.07
52591,A,20000,PROD_BP,MIO_EUR,CH,,,,,,,,,,,,,3255.31,3441.92,3702.83,3942.54,4064.16,4158.58,4079.09,3697.19,3630.52,3620.94,3497.42,3075.26,3036.31,2954.32,2838.29,2957.48,2767.18,2865.45,2459.94,2802.41,2535.5,2431.25,2527.55,2784.74,2625.3,2702.81,3135.02,3093.42,3168.18,3500.61,3516.31,3719.59,3502.41,3561.2,3816.5,4179.41,3881.48
52592,A,20000,PROD_BP,MIO_EUR,CY,,,,,,,,,,,,,,,,,,,,,,,,,,315.44,323.78,324.64,365.38,369.58,362.48,330.94,332.33,305.65,297.18,288.05,305.12,314.86,325.44,332.81,320.67,267.73,273.54,318.8,321.16,308.38,348.05,362.26,331.89
52593,A,20000,PROD_BP,MIO_EUR,CZ,,,,,,,,,,,,,,,,,,,,,,,,,,919.58,766.2,854.66,1043.33,932.86,850.03,1285.23,1000.23,1004.53,1208.3,1237.42,723.74,966.45,1441.05,1351.6,1426.55,1485.67,1423.4,1690.29,1675.1,1700.29,1752.15,1935.11,2314.76
52594,A,20000,PROD_BP,MIO_EUR,DE,,,,,,,,,,,,,,,,,,,12308.58,12391.41,13535.59,13924.44,15767.92,16559.41,15932.81,15159.79,15161.81,17327.5,19749.12,16131.89,14781.48,18651.3,12811.73,13169.86,16031.24,16974.84,12656.0,16910.17,19809.77,17989.25,21254.34,20830.85,15464.91,16415.62,21821.69,16846.55,22088.17,20457.74,19593.81
52595,A,20000,PROD_BP,MIO_EUR,DK,1416.03,1535.34,1448.11,1682.66,1970.81,2147.49,1995.61,1945.01,2188.28,2642.71,2452.33,3164.01,3051.7,3281.27,2820.63,2904.77,3423.35,3293.34,3167.22,2999.26,2926.92,3152.84,3642.87,3675.41,3489.15,2709.89,2602.2,3109.56,3679.78,2896.2,2871.62,3102.49,2289.03,2502.65,2609.24,1787.95,1780.28,2664.99,2795.36,3755.1,2800.36,2974.86,2170.27,2102.97,3113.35,2217.76,3007.35,3567.84,2301.59
52596,A,20000,PROD_BP,MIO_EUR,EA,,,,,,,,,,,,,,,,,,,112094.51,109543.07,104152.63,110151.18,113191.82,120308.57,120984.66,119992.83,117892.97,122159.26,135468.62,129483.37,130730.52,137009.35,121717.25,114683.27,125733.73,120516.59,105908.09,120827.73,125356.74,127073.7,132023.29,132262.66,133556.87,131787.78,147326.69,145065.59,149475.12,146238.92,154606.0
52597,A,20000,PROD_BP,MIO_EUR,EA11,,,,,,,,,,,,,,,,,,,112094.51,109543.07,104152.63,110151.18,113191.82,120308.57,120984.66,119992.83,117892.97,122159.26,127683.05,121801.99,122915.44,129269.17,114128.0,108717.73,119248.64,114313.52,99224.81,113804.61,118241.55,119710.66,125001.71,124691.73,124352.37,123411.3,137836.39,136239.25,139712.96,136024.73,144350.81
52598,A,20000,PROD_BP,MIO_EUR,EA12,,,,,,,,,,,,,,,,,,,,,110762.7,117636.56,121151.16,128009.12,128913.3,127667.18,125754.23,129872.86,135468.62,129483.37,130730.52,137009.35,121717.25,114683.27,125316.75,119781.21,104869.17,119690.82,123657.78,125367.88,130315.22,130229.94,130425.49,128828.03,143918.75,141997.67,145897.91,142245.71,150660.53
52599,A,20000,PROD_BP,MIO_EUR,EA16,,,,,,,,,,,,,,,,,,,,,,,,,,128992.86,126993.25,131030.81,136736.54,130945.25,131942.66,138451.99,123028.72,116013.08,126612.35,121161.34,105908.09,120827.73,125046.59,126714.27,131690.5,131620.4,131759.53,130305.88,145381.22,143523.13,147387.78,143892.28,152167.54
52600,A,20000,PROD_BP,MIO_EUR,EA19,,,,,,,,,,,,,,,,,,,,,,,,,,129809.57,127733.7,131786.59,137526.62,131728.48,132748.39,139449.73,124129.43,117115.11,128037.2,122417.73,106892.72,121949.21,126516.76,128564.85,133335.88,133285.1,133556.87,131787.78,147326.69,145065.59,149475.12,146238.92,154606.0
52601,A,20000,PROD_BP,MIO_EUR,EE,,,,,,,,,,,,,,,,,,,,,,,81.92,134.3,118.03,146.4,101.7,150.92,189.66,183.47,161.49,206.28,218.75,235.5,304.01,218.71,175.95,234.5,310.16,359.43,332.79,344.37,277.1,151.1,277.51,205.91,281.81,256.73,271.61
52602,A,20000,PROD_BP,MIO_EUR,EL,,,,,,,,,,,,,,,,,,,,,6610.07,7485.38,7959.34,7700.55,7928.65,7674.35,7861.26,7713.59,7785.57,7681.38,7815.08,7740.17,7589.25,5965.53,6068.11,5467.7,5644.36,5886.21,5416.23,5657.22,5313.51,5538.2,6073.13,5416.73,6082.36,5758.42,6184.95,6220.98,6309.72
52603,A,20000,PROD_BP,MIO_EUR,ES,,,,,,,,,,,,,,,,,,19912.61,20030.27,17719.11,17771.5,19130.88,19216.72,22315.16,22810.87,23083.5,21665.07,22813.76,24694.88,24443.08,27308.65,26531.89,24537.01,21577.69,25169.36,22847.54,20953.54,22366.06,21248.9,21329.39,22619.35,22896.36,24537.92,27328.05,28846.3,28742.91,27944.46,27841.39,29969.42
52604,A,20000,PROD_BP,MIO_EUR,EU,,,,,,,,,,,,,,,,,,,,,125906.85,133622.45,137962.0,144705.72,145110.39,142078.69,139663.52,144439.5,150277.66,144368.09,145510.62,151895.51,144218.87,137806.97,159156.52,156369.1,134010.76,153091.24,163791.2,165443.09,172618.62,172414.71,170658.82,168302.07,189598.47,184620.9,192250.1,178370.56,189379.91
52605,A,20000,PROD_BP,MIO_EUR,EU15,,,,,,,,,,,,,,,,,,,,,125906.85,133622.45,137962.0,144705.72,145110.39,142078.69,139663.52,144439.5,150277.66,144368.09,145510.62,151895.51,132499.51,125682.82,137262.47,131542.48,115138.86,131714.88,137902.47,141332.24,145568.37,146849.4,146024.22,142458.82,160558.02,156438.59,162051.83,,
52606,A,20000,PROD_BP,MIO_EUR,EU25,,,,,,,,,,,,,,,,,,,,,,,,,,152315.2,148540.45,153794.76,161397.68,154543.87,154430.27,163860.16,144218.87,137806.97,151685.36,146121.58,126322.71,145144.1,154049.62,157571.69,162296.52,162786.59,161651.4,159120.58,179117.04,173476.87,180556.94,,
52607,A,20000,PROD_BP,MIO_EUR,EU27_2007,,,,,,,,,,,,,,,,,,,,,,,,,,1959297.85,154438.65,159649.64,168909.9,161346.89,161615.94,172641.17,151952.09,146303.11,159156.52,156369.1,134010.76,153091.24,163791.2,165443.09,171612.17,171628.32,169773.37,167334.11,188623.49,183537.82,191114.8,,
52608,A,20000,PROD_BP,MIO_EUR,EU27_2020,,,,,,,,,,,,,,,,,,,,,,,,,,,,,,,,,145831.78,140546.27,152818.7,149354.28,127991.97,146650.02,155337.42,156200.01,161791.48,160470.13,159078.93,158416.25,178006.08,173897.93,180691.77,178370.56,189379.91
52609,A,20000,PROD_BP,MIO_EUR,EU27_2020_EFTA,,,,,,,,,,,,,,,,,,,,,,,,,,,,,,,,,,,157271.8,154138.32,132452.78,151458.73,160666.98,161630.56,167159.92,166187.52,164883.06,164430.82,183753.8,179395.24,186515.51,184568.63,195384.45
52610,A,20000,PROD_BP,MIO_EUR,EU28,,,,,,,,,,,,,,,,,,,,,,,,,,,,,,,,,153086.5,147601.88,160487.18,157890.2,135449.92,154461.01,165088.6,166615.51,172618.62,172414.71,170658.82,168302.07,189598.47,184620.9,192250.1,,
52611,A,20000,PROD_BP,MIO_EUR,FI,,,,1409.48,1247.67,1197.66,1240.53,1550.51,1604.23,2103.58,2263.45,2482.97,2570.19,2607.18,1898.22,2199.41,2805.8,3236.07,2590.65,2011.22,1919.41,1989.32,1893.95,1661.86,1651.18,1223.23,1479.6,1617.1,1671.1,1634.0,1562.9,1561.63,1532.72,1064.97,1413.37,1202.65,1345.27,1444.92,1260.29,1339.78,1277.04,1272.37,1085.04,1151.08,1164.95,1227.65,1362.79,1469.81,1140.72
52612,A,20000,PROD_BP,MIO_EUR,FR,14156.8,12711.16,13935.86,15439.82,15310.38,17370.38,19198.69,19437.88,20494.84,24481.4,23071.05,23091.18,23893.21,24307.92,23609.49,23484.16,27039.89,28597.02,25804.89,27189.39,26190.06,28428.56,29840.67,29957.12,29780.93,31154.09,30180.04,30559.7,30252.5,30071.8,28814.9,30426.4,28813.1,25853.6,29223.9,26630.3,22243.9,27862.3,29113.7,30004.9,26381.3,28979.06,29614.83,26284.14,29823.33,33576.12,31660.38,30910.76,35222.12
52613,A,20000,PROD_BP,MIO_EUR,HR,,,,,,,,,,,,,,,,,,,,,,,,,,,,,,,,,1134.41,1298.77,1330.66,1521.1,1439.16,1369.77,1297.4,1172.42,1006.45,786.38,885.45,967.97,974.98,1083.08,1135.3,1153.24,1458.4
52614,A,20000,PROD_BP,MIO_EUR,HU,,,,,,,,,,,,,,,,,,,,,,,,,2074.06,2090.52,1949.68,1922.06,2122.45,2037.25,1904.42,2391.98,2214.64,2188.6,2273.09,2684.94,1675.94,1969.96,2890.94,2571.46,2895.45,3218.73,3224.08,3429.11,3557.92,3449.73,3532.91,3420.4,3859.03
52615,A,20000,PROD_BP,MIO_EUR,IE,,,,,,,,,,,,,,,,,,2808.75,2637.21,3038.69,2971.2,2962.41,3002.05,3013.29,2974.44,2821.4,2540.39,2778.05,2597.43,2422.83,2513.82,2640.86,1966.03,1452.03,1749.77,1442.99,823.41,1388.61,1869.12,1783.19,2001.42,2173.97,2471.61,2359.07,3201.67,2632.24,2901.12,3276.74,3980.52
52616,A,20000,PROD_BP,MIO_EUR,IS,,,,,,,,,,,,,,,,,,,,,,,,,,,,,,,,,,,128.13,82.31,90.19,83.33,97.37,102.75,87.09,120.31,156.22,165.06,182.39,149.32,152.22,161.92,165.28
52617,A,20000,PROD_BP,MIO_EUR,IT,,,,,,,,18309.32,19103.35,20623.08,24122.58,23438.59,23709.89,24794.97,25171.99,24416.58,26921.17,27128.0,29960.8,29096.89,24648.32,25246.78,24858.88,28763.57,29583.31,29717.9,30133.34,29598.47,30832.49,30145.66,30737.87,32321.19,28267.15,27773.74,27888.89,28529.75,26160.94,26236.75,28757.3,29958.77,33410.38,30901.74,32850.5,31350.36,32436.7,34014.69,33384.59,32470.82,33578.34
52618,A,20000,PROD_BP,MIO_EUR,LT,,,,,,,,,,,,,,,,,,,,,,,333.53,494.77,546.98,540.13,459.21,407.59,364.82,369.29,421.21,512.89,602.0,555.4,768.8,740.3,592.3,650.76,900.72,1168.64,1057.82,1022.44,1120.69,997.5,1241.16,990.06,1232.12,1499.79,1543.99
52619,A,20000,PROD_BP,MIO_EUR,LU,,,,,,,,,,,,,98.37,106.32,104.82,105.7,122.14,120.09,97.38,114.99,122.05,120.89,130.76,118.66,107.14,122.14,129.21,121.17,122.89,164.01,113.95,146.58,100.19,99.42,125.32,112.0,80.77,97.28,90.09,112.19,102.76,127.15,100.71,100.51,120.7,125.55,125.59,126.07,130.99
52620,A,20000,PROD_BP,MIO_EUR,LV,,,,,,,,,,,,,,,,,,,,,,,,,,130.18,179.54,197.27,235.61,230.47,223.04,278.58,279.96,311.14,352.03,297.38,216.39,236.23,259.29,322.52,254.77,297.89,399.54,333.31,426.81,346.49,573.41,590.11,622.86
52621,A,20000,PROD_BP,MIO_EUR,MT,,,,,,,,,,,,,,,,,,,,,,,,,,65.49,65.21,64.23,71.48,69.81,63.78,61.37,57.81,58.55,55.57,56.59,60.22,58.45,57.63,54.28,56.23,55.14,62.82,63.61,59.36,56.37,60.9,53.38,48.93
52622,A,20000,PROD_BP,MIO_EUR,NL,,,,,,,,,,,,,,7165.14,7206.71,7487.85,8624.56,8861.85,9132.71,9056.93,8428.51,9192.05,9557.98,9042.81,9730.67,8725.91,8383.83,8972.41,9197.12,8814.89,8978.51,8366.07,8659.5,9711.19,9489.24,8802.09,7976.96,9589.17,8475.61,9082.71,10138.81,9940.64,10157.69,10653.13,11743.67,10725.06,11254.8,10571.7,10983.51
52623,A,20000,PROD_BP,MIO_EUR,NO,,,,,,,,,,,,,,,,,,,,,,,1940.28,2009.67,1991.28,2013.52,1958.54,1950.01,1936.13,2065.57,1724.62,1652.87,1664.56,1673.56,1797.42,1916.99,1745.31,2022.57,2097.17,2234.37,2113.17,2096.46,2131.61,2129.93,2062.93,1786.79,1855.02,1856.74,1957.78
52624,A,20000,PROD_BP,MIO_EUR,PL,,,,,,,,,,,,,,,,,,,,,,,,,,5084.03,4181.58,4664.81,5896.24,4960.55,4147.33,5847.05,6092.31,6499.18,8221.05,8020.23,6760.62,8234.42,8956.18,9119.42,9385.5,8177.61,7848.33,8582.6,9918.06,8820.34,9642.86,10305.62,9916.58
52625,A,20000,PROD_BP,MIO_EUR,PT,,,,,,,,2108.03,2373.94,2470.81,2271.25,2383.73,2554.21,2523.7,2739.34,2508.22,3261.62,3388.49,3436.47,3018.36,2581.13,2826.78,3363.2,3438.33,3098.13,2870.28,3286.04,3072.62,3219.79,3049.24,3133.35,3371.49,2971.87,3032.32,2725.1,2839.68,2681.48,2736.15,2377.94,2303.42,2653.67,2596.16,2878.64,2671.84,2983.84,3008.23,3312.88,3305.09,3557.97
52626,A,20000,PROD_BP,MIO_EUR,RO,,,,,,,,,,,,,,,,,,,,,,,,,,5152.36,4219.66,4216.99,5708.9,5197.96,5653.44,7192.26,6188.96,7017.39,6244.01,8361.8,6391.98,6591.49,8109.08,6209.14,7621.29,7110.08,6501.24,6537.95,7714.07,8328.45,8790.05,8273.58,10140.73
52627,A,20000,PROD_BP,MIO_EUR,SE,,,1412.84,1624.96,1666.39,1571.41,1494.85,1650.34,2063.3,2174.34,1832.88,2340.52,1999.22,2016.66,1906.96,2021.06,2291.23,2210.62,2021.24,1747.09,1574.0,1601.43,1607.62,1661.89,1679.9,1590.67,1374.32,1566.01,1480.86,1687.23,1721.15,1632.06,1238.5,1441.3,1668.0,1437.4,1031.46,1548.08,1698.15,1793.76,1625.64,1700.03,1848.56,1641.99,1933.52,1500.2,1588.23,1727.44,2142.74
52628,A,20000,PROD_BP,MIO_EUR,SI,,,,,,,,,,,,,,,,,,,,,,,433.8,406.44,458.66,461.47,435.21,424.5,391.16,495.82,383.71,473.56,471.6,456.96,416.97,390.73,383.48,402.12,471.34,381.05,400.75,465.97,523.9,469.58,430.26,619.62,559.87,589.09,423.61
52629,A,20000,PROD_BP,MIO_EUR,SK,,,,,,,,,,,,,,,,,,,,,,,533.64,568.61,590.14,483.29,414.82,344.58,439.91,526.67,402.18,576.77,449.74,508.65,525.88,644.75,290.1,361.48,534.41,578.24,597.63,601.63,473.78,625.86,651.68,541.09,521.05,641.83,702.57
52630,A,20000,PROD_BP,MIO_EUR,UK,3679.67,3837.92,4283.42,4808.73,5012.81,5217.89,5887.75,7058.23,8559.02,9678.1,9019.43,10322.71,9191.71,8412.41,8489.06,9153.17,10002.97,9424.02,9651.61,9856.23,10643.24,11231.62,11560.35,11359.3,11028.03,10110.95,9932.77,9891.07,9648.39,10301.29,10187.33,10151.62,7254.73,7055.61,7668.48,8535.92,7457.95,7810.99,9751.18,10415.51,10827.14,11944.57,11579.89,9885.83,11592.4,10722.97,11558.33,10225.9,
54121,A,27000,PROD_BP,MIO_EUR,AT,,,,,,,,,,,,,,,,,,2037.38,2102.16,1938.48,1878.55,2160.74,2372.1,2130.81,1781.68,1717.56,1705.39,1848.72,2212.34,2006.75,1962.46,2074.37,2037.15,2235.69,2506.81,2443.2,1846.99,2185.79,2530.24,2385.04,2057.51,1885.28,1766.3,2052.76,2327.41,2125.41,1975.24,2084.6,2221.09
54122,A,27000,PROD_BP,MIO_EUR,BE,,,,,,,,1523.94,1678.14,1757.11,1887.79,1913.85,1907.57,1954.95,1824.5,1923.79,2443.48,2268.93,2255.16,2205.22,2165.46,2216.63,1842.72,1944.44,1986.86,1839.14,1659.95,1903.01,1756.09,1503.94,1632.09,1737.1,1544.14,1984.25,2135.28,1630.87,1504.84,2063.45,1660.94,2102.41,1605.81,1459.38,1689.58,1371.93,1551.94,1387.5,1817.65,1586.58,1618.03
54123,A,27000,PROD_BP,MIO_EUR,BG,,,,,,,,,,,,,,,,,,,,,,,1220406.77,853828.23,1703414.42,1497349.05,1402.9,1389.79,1623.0,1443.2,1377.33,1414.13,1355.9,1248.6,1201.5,2050.71,1302.98,1391.75,1571.1,1689.39,1870.95,1820.16,1485.36,1852.14,1902.39,1840.89,1886.15,1874.54,2523.51
54124,A,27000,PROD_BP,MIO_EUR,CH,,,,,,,,,,,,,1980.09,2083.97,2298.14,2558.09,2735.01,2693.42,2644.69,2395.05,2470.27,2536.62,2356.89,2185.76,2299.93,2234.73,2272.81,2260.34,2192.02,2386.08,1957.36,2285.07,1978.49,1902.93,2025.89,2164.57,2117.66,2211.59,2639.4,2612.09,2694.72,3022.97,3008.83,3256.1,3064.83,3071.16,3282.52,3655.38,3313.75
54125,A,27000,PROD_BP,MIO_EUR,CY,,,,,,,,,,,,,,,,,,,,,,,,,,28.07,27.57,0.0,0.0,0.0,20.55,267.18,264.82,231.26,225.47,222.67,235.71,239.58,248.87,256.46,224.15,212.73,205.25,269.68,268.82,247.85,310.79,312.94,283.06
54126,A,27000,PROD_BP,MIO_EUR,CZ,,,,,,,,,,,,,,,,,,,,,,,,,,-32.2,-116.76,51.24,182.88,7.18,22.79,370.44,371.02,388.21,513.42,584.71,291.08,461.86,919.21,882.91,857.83,1090.07,869.98,1109.87,1049.51,953.58,978.97,1085.63,1430.66
54127,A,27000,PROD_BP,MIO_EUR,DE,,,,,,,,,,,,,,,,,,,4913.9,5630.93,5556.05,5788.01,6664.29,7987.85,7364.02,5968.95,5777.14,7983.83,10040.37,5947.51,4853.34,8795.84,7397.98,7890.86,10363.24,10968.01,6018.0,11004.6,13704.26,11790.86,14047.21,13249.62,7747.73,8179.98,12868.16,7812.32,12762.05,10253.68,9217.7
54128,A,27000,PROD_BP,MIO_EUR,DK,981.78,989.58,794.65,947.91,1197.04,1304.67,1078.59,1040.92,1252.19,1670.36,1413.59,2046.67,1884.51,2041.65,1494.65,1541.8,2059.9,1883.61,1766.2,1559.9,1551.08,1816.38,2215.1,2183.43,1943.52,1159.43,1037.76,1493.27,1960.6,1141.98,1050.56,1220.1,1195.98,1372.47,1316.62,414.24,426.15,1262.45,1454.33,2387.32,1382.49,1463.26,526.51,488.79,1336.35,680.97,1299.2,1942.87,851.74
54129,A,27000,PROD_BP,MIO_EUR,EA,,,,,,,,,,,,,,,,,,,68025.86,65876.86,62235.5,68573.98,72622.53,79040.23,78589.03,75791.89,73166.54,76078.63,88157.21,80870.88,82215.02,85380.62,75364.95,78336.73,87668.08,80289.95,66334.73,82180.78,85910.85,86050.65,89446.51,89182.15,86528.11,85659.24,98092.25,94804.41,97184.42,92459.12,99187.47
54130,A,27000,PROD_BP,MIO_EUR,EA11,,,,,,,,,,,,,,,,,,,68025.86,65876.86,62235.5,68573.98,72622.53,79040.23,78589.03,75791.89,73166.54,76078.63,81603.7,74469.12,75872.18,79106.68,69233.49,72513.75,80962.25,73912.52,59661.18,74832.35,78735.93,78646.25,82585.43,81808.5,78132.06,78375.83,89680.6,87062.29,88498.08,83077.08,90072.45
54131,A,27000,PROD_BP,MIO_EUR,EA12,,,,,,,,,,,,,,,,,,,,,67928.43,75133.78,79546.94,85819.46,85480.83,82447.47,79951.38,82649.77,88157.21,80870.88,82215.02,85380.62,75364.95,78336.73,87333.95,79718.31,65695.27,81497.15,84777.77,84883.09,88399.87,87740.93,84412.33,83810.44,95801.23,92850.36,94779.49,89585.96,96490.8
54132,A,27000,PROD_BP,MIO_EUR,EA16,,,,,,,,,,,,,,,,,,,,,,,,,,82775.37,80280.75,82970.12,88483.85,81309.95,82480.19,86107.6,76059.53,79046.03,88122.94,80528.73,66334.73,82180.78,85624.9,85719.06,89153.54,88588.5,85257.25,84761.21,96747.2,93939.46,95855.87,90783.4,97514.88
54133,A,27000,PROD_BP,MIO_EUR,EA19,,,,,,,,,,,,,,,,,,,,,,,,,,83293.87,80661.16,83359.56,88911.07,81717.96,82850.06,86811.45,76846.3,79855.99,89181.02,81426.68,67006.69,83116.31,86851.12,87289.25,90483.09,89831.52,86528.11,85659.24,98092.25,94804.41,97184.42,92459.12,99187.47
54134,A,27000,PROD_BP,MIO_EUR,EE,,,,,,,,,,,,,,,,,,,,,,,18.7,69.4,51.68,93.17,36.49,86.03,111.85,103.73,69.07,148.51,158.92,163.45,236.36,153.75,116.08,210.53,285.94,331.58,292.98,267.09,165.41,57.38,189.49,103.95,175.83,183.87,176.24
54135,A,27000,PROD_BP,MIO_EUR,EL,,,,,,,,,,,,,,,,,,,,,5692.93,6559.81,6924.4,6779.23,6891.8,6655.57,6784.84,6571.14,6553.51,6401.77,6342.84,6273.93,6131.46,5822.98,6371.7,5805.79,6034.08,6664.8,6041.83,6236.84,5814.44,5932.44,6280.27,5434.62,6120.63,5788.07,6281.41,6508.88,6418.36
54136,A,27000,PROD_BP,MIO_EUR,ES,,,,,,,,,,,,,,,,,,15171.68,15038.34,13009.56,14134.52,15378.8,15514.74,18607.99,18520.36,18614.56,17015.2,18314.5,20588.44,20231.44,22979.63,21967.28,19553.01,19287.52,22333.34,19538.09,17624.02,19508.76,18252.68,18589.05,19635.62,19616.0,20539.83,23367.65,24560.05,23854.99,22591.97,21650.77,23094.23
54137,A,27000,PROD_BP,MIO_EUR,EU,,,,,,,,,,,,,,,,,,,,,76848.08,84874.83,90339.35,96162.52,94356.82,89287.95,86386.83,89385.92,95590.86,88227.03,89970.76,92946.21,91066.13,95372.56,111006.38,106629.83,87126.51,108897.28,118834.25,117664.47,123374.16,121887.3,115492.63,115553.16,132684.4,126890.64,131522.43,117714.82,123753.29
54138,A,27000,PROD_BP,MIO_EUR,EU15,,,,,,,,,,,,,,,,,,,,,76848.08,84874.83,90339.35,96162.52,94356.82,89287.95,86386.83,89385.92,95590.86,88227.03,89970.76,92946.21,82987.6,86331.23,95838.05,88383.73,73311.61,90440.59,95658.84,96844.66,99668.62,99659.41,94444.14,92587.55,107428.62,102374.45,105736.47,,
54139,A,27000,PROD_BP,MIO_EUR,EU25,,,,,,,,,,,,,,,,,,,,,,,,,,94559.66,90103.18,93594.5,100975.02,92482.7,93453.07,100770.72,91066.13,95372.56,107143.19,99962.28,82786.16,102711.38,111228.83,111549.75,115243.69,113916.6,108235.83,106738.37,123193.95,117173.36,121696.43,,
54140,A,27000,PROD_BP,MIO_EUR,EU27_2007,,,,,,,,,,,,,,,,,,,,,,,,,,1595774.08,94307.02,97502.89,106754.97,97286.34,98681.78,107516.26,96019.41,100461.37,111006.38,106629.83,87126.51,108897.28,118834.25,117664.47,122618.01,121258.9,114636.76,114624.43,131737.79,125857.26,130392.84,,
54141,A,27000,PROD_BP,MIO_EUR,EU27_2020,,,,,,,,,,,,,,,,,,,,,,,,,,,,,,,,,91399.51,96002.43,106213.04,100727.23,81782.82,103417.58,111650.9,110213.66,114716.48,112732.6,107329.78,108422.9,123801.26,119086.91,123067.61,117714.82,123753.29
54142,A,27000,PROD_BP,MIO_EUR,EU27_2020_EFTA,,,,,,,,,,,,,,,,,,,,,,,,,,,,,,,,,,,109579.13,104342.57,85225.09,107191.23,115934.1,114632.19,119080.39,117456.28,112104.32,113379.21,128452.65,123645.0,127848.22,122889.64,128610.38
54143,A,27000,PROD_BP,MIO_EUR,EU28,,,,,,,,,,,,,,,,,,,,,,,,,,,,,,,,,96712.27,101308.22,111855.56,107672.58,88118.59,109803.62,119678.82,118376.17,123374.16,121887.3,115492.63,115553.16,132684.4,126890.64,131522.43,,
54144,A,27000,PROD_BP,MIO_EUR,FI,,,,915.75,726.03,691.44,687.52,915.96,815.26,1283.83,1413.92,1530.21,1616.44,1648.41,968.54,1541.52,1983.75,2647.01,2213.85,1764.46,1634.39,1628.2,2252.56,1683.9,1640.56,1216.28,1507.0,1676.6,1681.8,1581.5,1475.1,1399.73,1472.52,1402.57,1684.17,1433.35,1652.37,1705.32,1426.29,1439.78,1393.04,1350.37,997.04,1070.08,1073.95,1172.65,1285.79,1368.81,1025.72
54145,A,27000,PROD_BP,MIO_EUR,FR,10772.75,9294.09,10083.57,11138.83,10704.39,12351.47,13366.41,12739.95,13622.76,16727.97,14852.8,14539.21,14814.79,15095.3,14636.14,13752.24,16863.33,18477.86,15307.06,16598.01,15781.41,18179.05,19209.62,19183.6,18899.13,19562.38,18122.71,17655.26,17138.34,16764.49,16014.6,15743.11,13976.62,16048.98,18900.35,15077.59,10718.81,17886.46,18690.27,18527.62,14335.86,17122.66,18350.03,14840.06,18238.19,21591.94,19344.89,18903.67,23131.61
54146,A,27000,PROD_BP,MIO_EUR,HR,,,,,,,,,,,,,,,,,,,,,,,,,,,,,,,,,692.87,846.85,849.18,1042.75,992.08,906.34,844.57,711.7,756.16,628.4,855.87,928.73,946.6,1033.37,1129.59,1174.84,1519.47
54147,A,27000,PROD_BP,MIO_EUR,HU,,,,,,,,,,,,,,,,,,,,,,,,,1178.86,1320.69,957.76,901.38,1006.99,788.41,715.39,1391.07,1365.86,1401.69,1458.04,2095.11,1131.73,1559.98,2636.18,2200.41,2576.58,2862.9,2469.63,2595.41,2683.03,2560.67,2515.97,2415.94,2622.02
54148,A,27000,PROD_BP,MIO_EUR,IE,,,,,,,,,,,,,,,,,,1993.56,1819.6,2256.35,2213.04,2261.08,2293.86,2405.25,2352.71,2232.82,1930.51,2163.09,2177.15,2024.73,2060.07,2177.43,2589.87,2185.58,2441.99,2118.25,1428.98,1841.33,2515.55,2280.35,2355.7,2441.07,2587.21,2625.97,3423.82,2759.8,2862.56,3146.41,3699.56
54149,A,27000,PROD_BP,MIO_EUR,IS,,,,,,,,,,,,,,,,,,,,,,,,,,,,,,,,,,,58.85,40.3,46.88,35.46,41.97,46.47,29.0,56.71,88.98,81.21,81.7,56.1,49.03,61.24,59.7
54150,A,27000,PROD_BP,MIO_EUR,IT,,,,,,,,11536.36,11744.33,12644.45,14951.14,13790.09,13405.65,14234.93,14472.99,12998.3,14518.75,14044.13,16505.71,15220.88,12752.46,13757.23,13889.45,16902.65,17427.76,17275.31,18081.48,17361.02,18584.1,17967.65,18195.52,18834.58,14459.66,14043.92,13515.46,14236.38,13885.66,11975.01,14847.53,15904.8,20381.67,18410.95,17925.06,18064.39,17937.89,19915.89,19061.0,17674.34,19209.86
54151,A,27000,PROD_BP,MIO_EUR,LT,,,,,,,,,,,,,,,,,,,,,,,208.41,314.89,339.94,337.24,251.59,188.1,163.18,157.8,158.8,294.49,356.1,301.6,446.4,440.0,313.1,423.44,623.93,849.09,720.16,649.37,713.09,510.74,709.01,411.68,613.92,936.04,914.23
54152,A,27000,PROD_BP,MIO_EUR,LU,,,,,,,,,,,,,85.92,91.87,89.77,89.64,107.16,99.76,90.93,92.49,96.04,93.72,102.75,97.72,89.25,99.34,94.81,88.2,86.35,128.9,75.59,100.42,81.6,82.52,100.15,84.44,44.44,57.07,57.38,63.17,46.61,68.93,52.97,43.66,61.23,68.16,66.02,66.57,66.88
54153,A,27000,PROD_BP,MIO_EUR,LV,,,,,,,,,,,,,,,,,,,,,,,,,,88.07,92.33,115.32,152.19,146.48,142.0,260.85,271.75,344.91,375.31,304.2,242.78,301.55,316.34,389.51,316.42,326.56,392.35,329.92,446.56,349.32,538.8,555.81,582.12
54154,A,27000,PROD_BP,MIO_EUR,MT,,,,,,,,,,,,,,,,,,,,,,,,,,58.82,58.07,56.9,64.51,62.1,57.48,56.62,56.34,56.79,58.86,55.84,64.66,71.91,63.97,61.6,63.3,63.72,79.87,58.5,54.38,74.91,75.74,70.28,64.66
54155,A,27000,PROD_BP,MIO_EUR,NL,,,,,,,,,,,,,,5126.49,4701.96,4787.46,5829.08,5629.98,5766.02,5444.28,4500.42,5268.93,5991.93,5613.47,6214.61,5150.84,4832.03,4995.74,5053.97,4244.87,4529.33,3883.5,4057.75,5295.69,5059.68,4207.28,3188.71,4682.84,3552.54,3926.77,4857.23,4475.86,4586.05,4759.92,5687.5,4446.52,4603.87,4095.77,4306.32
54156,A,27000,PROD_BP,MIO_EUR,NO,,,,,,,,,,,,,,,,,,,,,,,1394.25,1457.18,1420.24,1461.73,1377.29,1366.5,1298.7,1404.85,1282.16,1212.03,1187.82,1151.02,1281.34,1410.47,1277.72,1526.61,1601.84,1759.98,1640.19,1644.0,1676.74,1619.0,1504.86,1430.84,1449.05,1458.21,1483.63
54157,A,27000,PROD_BP,MIO_EUR,PL,,,,,,,,,,,,,,,,,,,,,,,,,,3136.81,2165.57,2546.18,3440.42,2613.01,2109.1,4632.16,4860.29,5732.16,7486.62,7190.36,6740.32,8629.78,9941.25,9215.63,10057.43,8213.62,8336.32,8596.75,9741.77,9330.61,10060.1,10351.88,9267.2
54158,A,27000,PROD_BP,MIO_EUR,PT,,,,,,,,970.84,1110.45,1231.09,1113.44,1191.71,1336.23,1346.92,1675.32,1400.2,1943.13,2042.67,2013.13,1716.21,1523.16,1841.58,2488.51,2482.55,2312.08,2114.74,2440.32,2088.67,2284.76,2067.33,2094.45,2393.34,2063.18,2056.16,1921.78,2175.07,1748.37,1921.71,1498.26,1636.4,1869.18,1728.38,1890.26,1999.43,1950.46,1927.11,2127.04,2245.87,2481.44
54159,A,27000,PROD_BP,MIO_EUR,RO,,,,,,,,,,,,,,,,,,,,,,,,,,3865.37,2800.95,2518.59,4156.95,3360.43,3851.38,5331.41,3597.38,3840.21,2661.69,4616.84,3037.36,4794.15,6034.32,4425.33,5503.38,5522.15,4915.57,6033.93,6641.46,6843.01,6810.26,5216.89,4808.74
54160,A,27000,PROD_BP,MIO_EUR,SE,,,964.77,1094.97,1120.75,1046.02,936.06,1040.64,1360.14,1448.64,1085.07,1468.56,1084.18,1102.73,976.17,1083.6,1275.1,1265.32,1058.4,874.37,805.04,835.1,1050.37,1092.21,1138.92,1060.69,900.42,1052.29,1046.33,1161.76,1129.07,986.15,1113.9,1316.24,1544.96,1305.83,854.43,1294.96,1398.82,1411.74,1228.58,1300.51,1342.44,1158.05,1407.9,1039.39,1202.95,1193.11,1542.47
54161,A,27000,PROD_BP,MIO_EUR,SI,,,,,,,,,,,,,,,,,,,,,,,219.79,184.95,240.87,238.15,209.68,213.8,186.1,285.57,174.92,294.33,300.71,293.87,334.12,293.13,281.38,306.88,377.6,307.16,327.75,374.88,424.4,366.17,331.38,499.46,441.05,504.37,346.95
54162,A,27000,PROD_BP,MIO_EUR,SK,,,,,,,,,,,,,,,,,,,,,,,31.13,44.76,60.48,2.87,34.04,49.65,76.03,91.39,12.22,108.84,72.71,127.38,170.54,238.78,57.72,65.27,156.7,210.76,138.47,196.23,135.41,256.42,291.38,266.89,248.81,309.85,329.41
54163,A,27000,PROD_BP,MIO_EUR,UK,2456.51,2315.84,2520.58,2932.09,2910.79,2866.13,3116.01,3623.26,4512.12,5435.61,4699.0,5910.18,4477.52,4247.03,4373.81,4605.84,5252.73,4663.64,4789.03,5339.93,6563.52,7089.57,7526.95,7067.41,5793.56,4620.37,4497.27,4190.59,4426.72,5052.4,5576.11,5359.36,5312.77,5305.79,5642.51,6945.35,6335.77,6386.04,8027.92,8162.5,8657.68,9154.7,8162.85,7130.27,8883.13,7803.73,8454.82,7060.91,
